fecha,pelicula,hora,hora_fin,duracion_minutos,sala,total,ocupadas,libres,ocupacion
2026-09-25,Vengadores: Endgame Extended,14:30,17:36,186,4.0,160.0,16.0,144.0,10.0
2026-09-25,Vengadores: Endgame Extended,14:45,17:51,186,10.0,342.0,133.0,209.0,38.89
2026-09-25,La bola negra,20:45,23:20,155,15.0,217.0,190.0,27.0,87.56
2026-09-25,La bola negra,16:00,18:35,155,2.0,207.0,18.0,189.0,8.7
2026-09-25,En el corazón de la bestia,16:00,17:41,101,7.0,318.0,10.0,308.0,3.14
2026-09-25,Prácticamente Magia 2,17:00,19:09,129,16.0,210.0,8.0,202.0,3.81
2026-09-25,El ser querido,17:15,19:30,135,13.0,217.0,0.0,217.0,0.0
2026-09-25,Resident Evil,16:00,17:33,93,11.0,397.0,1.0,396.0,0.25
2026-09-25,La Odisea,17:00,19:53,173,20.0,318.0,4.0,314.0,1.26
2026-09-25,La Odisea,16:00,18:53,173,6.0,320.0,0.0,320.0,0.0
2026-09-25,Tiempo de victoria,16:00,17:40,100,1.0,207.0,5.0,202.0,2.42
2026-09-25,Vengadores: Endgame Extended,18:30,21:36,186,4.0,160.0,110.0,50.0,68.75
2026-09-25,Vengadores: Endgame Extended,18:45,21:51,186,10.0,342.0,322.0,20.0,94.15
2026-09-25,Vengadores: Endgame Extended,18:00,21:06,186,24.0,689.0,168.0,521.0,24.38
2026-09-25,Vengadores: Endgame Extended,21:15,00:21,186,21.0,410.0,177.0,233.0,43.17
2026-09-25,VOSE Vengadores: Endgame Extended,17:45,20:51,186,17.0,329.0,112.0,217.0,34.04
2026-09-25,La bola negra,19:30,22:05,155,6.0,320.0,160.0,160.0,50.0
2026-09-25,La bola negra,17:30,20:05,155,15.0,217.0,178.0,39.0,82.03
2026-09-25,Película +coloquio streaming: La bola negra,19:00,21:35,155,8.0,318.0,241.0,77.0,75.79
2026-09-25,Película +coloquio streaming: La bola negra,19:00,21:35,155,3.0,210.0,55.0,155.0,26.19
2026-09-25,En el corazón de la bestia,19:15,20:56,101,9.0,400.0,31.0,369.0,7.75
2026-09-25,En el corazón de la bestia,17:50,19:31,101,22.0,396.0,49.0,347.0,12.37
2026-09-25,En el corazón de la bestia,20:30,22:11,101,22.0,396.0,82.0,314.0,20.71
2026-09-25,VOSE En el corazón de la bestia,19:10,20:51,101,2.0,207.0,21.0,186.0,10.14
2026-09-25,VOSE En el corazón de la bestia,21:30,23:11,101,2.0,207.0,5.0,202.0,2.42
2026-09-25,La isla olvidada,18:30,20:19,109,7.0,318.0,21.0,297.0,6.6
2026-09-25,La isla olvidada,17:45,19:34,109,14.0,214.0,25.0,189.0,11.68
2026-09-25,El ser querido,20:30,22:45,135,13.0,217.0,5.0,212.0,2.3
2026-09-25,Resident Evil,18:30,20:03,93,11.0,397.0,41.0,356.0,10.33
2026-09-25,Spider-man: Brand New Day,17:30,19:54,144,23.0,707.0,28.0,679.0,3.96
2026-09-25,Spider-man: Brand New Day,21:00,23:24,144,23.0,707.0,2.0,705.0,0.28
2026-09-25,VOSE Resident Evil,21:00,22:33,93,14.0,214.0,10.0,204.0,4.67
2026-09-25,La Odisea,18:30,21:23,173,12.0,414.0,17.0,397.0,4.11
2026-09-25,La Odisea,21:00,23:53,173,20.0,318.0,26.0,292.0,8.18
2026-09-25,Tadeo Jones y la lámpara maravillosa,17:30,19:04,94,18.0,318.0,30.0,288.0,9.43
2026-09-25,Tadeo Jones y la lámpara maravillosa,20:15,21:49,94,18.0,318.0,14.0,304.0,4.4
2026-09-25,Coyote vs. Acme,17:30,19:13,103,21.0,410.0,11.0,399.0,2.68
2026-09-25,Coyote vs. Acme,20:00,21:43,103,16.0,210.0,23.0,187.0,10.95
2026-09-25,Coyote vs. Acme,18:30,20:13,103,5.0,315.0,9.0,306.0,2.86
2026-09-25,VOSE Fall 2: Deadpoint,19:00,20:38,98,1.0,207.0,2.0,205.0,0.97
2026-09-25,Vengadores: Endgame Extended,22:30,01:36,186,4.0,160.0,103.0,57.0,64.38
2026-09-25,Vengadores: Endgame Extended,22:45,01:51,186,10.0,342.0,318.0,24.0,92.98
2026-09-25,VOSE Vengadores: Endgame Extended,21:45,00:51,186,5.0,315.0,114.0,201.0,36.19
2026-09-25,La bola negra,22:30,01:05,155,6.0,320.0,217.0,103.0,67.81
2026-09-25,La bola negra,22:00,00:35,155,17.0,329.0,157.0,172.0,47.72
2026-09-25,En el corazón de la bestia,22:30,00:11,101,9.0,400.0,118.0,282.0,29.5
2026-09-25,La isla olvidada,21:45,23:34,109,7.0,318.0,10.0,308.0,3.14
2026-09-25,Resident Evil,22:00,23:33,93,11.0,397.0,145.0,252.0,36.52
2026-09-25,La Odisea,22:00,00:53,173,12.0,414.0,36.0,378.0,8.7
2026-09-25,Fall 2: Deadpoint,22:00,23:38,98,1.0,207.0,10.0,197.0,4.83
2026-09-25,"Miki Dkai, Hoy se Lia",22:00,23:20,80,19.0,332.0,315.0,17.0,94.88
2026-09-26,Vengadores: Endgame Extended,14:45,17:51,186,10.0,342.0,206.0,136.0,60.23
2026-09-26,Vengadores: Endgame Extended,14:30,17:36,186,4.0,160.0,28.0,132.0,17.5
2026-09-26,La bola negra,16:00,18:35,155,8.0,318.0,50.0,268.0,15.72
2026-09-26,La bola negra,19:15,21:50,155,8.0,318.0,261.0,57.0,82.08
2026-09-26,En el corazón de la bestia,16:00,17:41,101,22.0,396.0,9.0,387.0,2.27
2026-09-26,La isla olvidada,16:00,17:49,109,7.0,318.0,0.0,318.0,0.0
2026-09-26,VOSE La isla olvidada,16:30,18:19,109,2.0,207.0,23.0,184.0,11.11
2026-09-26,Resident Evil,16:30,18:03,93,21.0,410.0,10.0,400.0,2.44
2026-09-26,La Odisea,16:30,19:23,173,9.0,400.0,14.0,386.0,3.5
2026-09-26,Tadeo Jones y la lámpara maravillosa,16:00,17:34,94,17.0,329.0,0.0,329.0,0.0
2026-09-26,Prácticamente Magia 2,16:30,18:39,129,18.0,318.0,9.0,309.0,2.83
2026-09-26,Coyote vs. Acme,16:30,18:13,103,16.0,210.0,3.0,207.0,1.43
2026-09-26,Fall 2: Deadpoint,15:45,17:23,98,1.0,207.0,0.0,207.0,0.0
2026-09-26,VOSE Fall 2: Deadpoint,16:00,17:38,98,11.0,397.0,0.0,397.0,0.0
2026-09-26,Vengadores: Endgame Extended,18:45,21:51,186,10.0,342.0,319.0,23.0,93.27
2026-09-26,Vengadores: Endgame Extended,18:30,21:36,186,4.0,160.0,145.0,15.0,90.62
2026-09-26,Vengadores: Endgame Extended,18:00,21:06,186,24.0,689.0,189.0,500.0,27.43
2026-09-26,VOSE Vengadores: Endgame Extended,17:45,20:51,186,5.0,315.0,132.0,183.0,41.9
2026-09-26,La bola negra,17:25,20:00,155,15.0,217.0,196.0,21.0,90.32
2026-09-26,La bola negra,18:20,20:55,155,17.0,329.0,284.0,45.0,86.32
2026-09-26,En el corazón de la bestia,18:10,19:51,101,22.0,396.0,163.0,233.0,41.16
2026-09-26,En el corazón de la bestia,17:00,18:41,101,12.0,414.0,59.0,355.0,14.25
2026-09-26,En el corazón de la bestia,19:15,20:56,101,12.0,414.0,76.0,338.0,18.36
2026-09-26,La isla olvidada,18:30,20:19,109,7.0,318.0,94.0,224.0,29.56
2026-09-26,Resident Evil,17:30,19:03,93,6.0,320.0,72.0,248.0,22.5
2026-09-26,Resident Evil,20:00,21:33,93,6.0,320.0,68.0,252.0,21.25
2026-09-26,Resident Evil,19:00,20:33,93,21.0,410.0,65.0,345.0,15.85
2026-09-26,Resident Evil,18:30,20:03,93,11.0,397.0,41.0,356.0,10.33
2026-09-26,Spider-man: Brand New Day,17:00,19:24,144,14.0,214.0,71.0,143.0,33.18
2026-09-26,La Odisea,17:00,19:53,173,20.0,318.0,81.0,237.0,25.47
2026-09-26,Tadeo Jones y la lámpara maravillosa,17:00,18:34,94,3.0,210.0,82.0,128.0,39.05
2026-09-26,Tadeo Jones y la lámpara maravillosa,19:30,21:04,94,3.0,210.0,41.0,169.0,19.52
2026-09-26,Prácticamente Magia 2,19:30,21:39,129,18.0,318.0,61.0,257.0,19.18
2026-09-26,Coyote vs. Acme,19:00,20:43,103,16.0,210.0,46.0,164.0,21.9
2026-09-26,Fall 2: Deadpoint,18:05,19:43,98,1.0,207.0,3.0,204.0,1.45
2026-09-26,Mascotas al rescate,18:00,19:39,99,23.0,707.0,53.0,654.0,7.5
2026-09-26,Vengadores: Endgame Extended,22:45,01:51,186,10.0,342.0,173.0,169.0,50.58
2026-09-26,Vengadores: Endgame Extended,22:30,01:36,186,4.0,160.0,102.0,58.0,63.75
2026-09-26,Vengadores: Endgame Extended,21:45,00:51,186,24.0,689.0,83.0,606.0,12.05
2026-09-26,VOSE Vengadores: Endgame Extended,22:00,01:06,186,5.0,315.0,29.0,286.0,9.21
2026-09-26,La bola negra,22:30,01:05,155,8.0,318.0,228.0,90.0,71.7
2026-09-26,La bola negra,20:45,23:20,155,15.0,217.0,194.0,23.0,89.4
2026-09-26,La bola negra,21:30,00:05,155,11.0,397.0,285.0,112.0,71.79
2026-09-26,En el corazón de la bestia,20:20,22:01,101,22.0,396.0,201.0,195.0,50.76
2026-09-26,En el corazón de la bestia,22:30,00:11,101,22.0,396.0,73.0,323.0,18.43
2026-09-26,En el corazón de la bestia,21:30,23:11,101,12.0,414.0,53.0,361.0,12.8
2026-09-26,VOSE En el corazón de la bestia,21:30,23:11,101,2.0,207.0,42.0,165.0,20.29
2026-09-26,La isla olvidada,21:00,22:49,109,7.0,318.0,37.0,281.0,11.64
2026-09-26,Resident Evil,22:30,00:03,93,6.0,320.0,79.0,241.0,24.69
2026-09-26,Resident Evil,21:30,23:03,93,21.0,410.0,78.0,332.0,19.02
2026-09-26,Spider-man: Brand New Day,21:00,23:24,144,23.0,707.0,48.0,659.0,6.79
2026-09-26,VOSE Resident Evil,21:30,23:03,93,14.0,214.0,38.0,176.0,17.76
2026-09-26,La Odisea,21:00,23:53,173,20.0,318.0,43.0,275.0,13.52
2026-09-26,La Odisea,20:15,23:08,173,9.0,400.0,75.0,325.0,18.75
2026-09-26,Insidious: Fuera del más allá,22:00,23:46,106,3.0,210.0,58.0,152.0,27.62
2026-09-26,Tadeo Jones y la lámpara maravillosa,21:30,23:04,94,17.0,329.0,6.0,323.0,1.82
2026-09-26,Prácticamente Magia 2,22:30,00:39,129,18.0,318.0,3.0,315.0,0.94
2026-09-26,Coyote vs. Acme,21:30,23:13,103,16.0,210.0,22.0,188.0,10.48
2026-09-26,Fall 2: Deadpoint,22:00,23:38,98,1.0,207.0,15.0,192.0,7.25
2026-09-26,Hipnosis y Mentalismo de Toni Pons,22:00,00:10,130,19.0,332.0,320.0,12.0,96.39
2026-09-27,Vengadores: Endgame Extended,14:30,17:36,186,4.0,160.0,54.0,106.0,33.75
2026-09-27,Vengadores: Endgame Extended,14:45,17:51,186,10.0,342.0,186.0,156.0,54.39
2026-09-27,La bola negra,16:00,18:35,155,8.0,318.0,127.0,191.0,39.94
2026-09-27,La bola negra,17:25,20:00,155,15.0,217.0,175.0,42.0,80.65
2026-09-27,En el corazón de la bestia,16:00,17:41,101,22.0,396.0,11.0,385.0,2.78
2026-09-27,En el corazón de la bestia,17:00,18:41,101,12.0,414.0,14.0,400.0,3.38
2026-09-27,El ser querido,17:00,19:15,135,3.0,210.0,3.0,207.0,1.43
2026-09-27,La isla olvidada,16:00,17:49,109,7.0,318.0,9.0,309.0,2.83
2026-09-27,VOSE La isla olvidada,16:30,18:19,109,2.0,207.0,15.0,192.0,7.25
2026-09-27,Resident Evil,16:30,18:03,93,21.0,410.0,12.0,398.0,2.93
2026-09-27,La Odisea,17:00,19:53,173,20.0,318.0,20.0,298.0,6.29
2026-09-27,La Odisea,16:30,19:23,173,9.0,400.0,13.0,387.0,3.25
2026-09-27,Tadeo Jones y la lámpara maravillosa,16:00,17:34,94,17.0,329.0,8.0,321.0,2.43
2026-09-27,Prácticamente Magia 2,17:15,19:24,129,18.0,318.0,6.0,312.0,1.89
2026-09-27,Coyote vs. Acme,16:30,18:13,103,16.0,210.0,3.0,207.0,1.43
2026-09-27,Tiempo de victoria,16:00,17:40,100,14.0,214.0,3.0,211.0,1.4
2026-09-27,Fall 2: Deadpoint,16:00,17:38,98,1.0,207.0,1.0,206.0,0.48
2026-09-27,VOSE Fall 2: Deadpoint,16:00,17:38,98,11.0,397.0,1.0,396.0,0.25
2026-09-27,Vengadores: Endgame Extended,18:30,21:36,186,4.0,160.0,130.0,30.0,81.25
2026-09-27,Vengadores: Endgame Extended,18:45,21:51,186,10.0,342.0,282.0,60.0,82.46
2026-09-27,Vengadores: Endgame Extended,18:00,21:06,186,24.0,689.0,157.0,532.0,22.79
2026-09-27,VOSE Vengadores: Endgame Extended,17:45,20:51,186,5.0,315.0,81.0,234.0,25.71
2026-09-27,La bola negra,19:15,21:50,155,8.0,318.0,296.0,22.0,93.08
2026-09-27,La bola negra,20:45,23:20,155,15.0,217.0,188.0,29.0,86.64
2026-09-27,La bola negra,18:20,20:55,155,17.0,329.0,310.0,19.0,94.22
2026-09-27,En el corazón de la bestia,18:10,19:51,101,22.0,396.0,166.0,230.0,41.92
2026-09-27,En el corazón de la bestia,20:30,22:11,101,22.0,396.0,41.0,355.0,10.35
2026-09-27,En el corazón de la bestia,19:15,20:56,101,12.0,414.0,106.0,308.0,25.6
2026-09-27,VOSE En el corazón de la bestia,19:10,20:51,101,2.0,207.0,22.0,185.0,10.63
2026-09-27,El ser querido,17:15,19:30,135,13.0,217.0,9.0,208.0,4.15
2026-09-27,El ser querido,20:30,22:45,135,13.0,217.0,5.0,212.0,2.3
2026-09-27,El ser querido,20:30,22:45,135,3.0,210.0,3.0,207.0,1.43
2026-09-27,La isla olvidada,18:35,20:24,109,7.0,318.0,51.0,267.0,16.04
2026-09-27,Resident Evil,17:30,19:03,93,6.0,320.0,87.0,233.0,27.19
2026-09-27,Resident Evil,20:00,21:33,93,6.0,320.0,12.0,308.0,3.75
2026-09-27,Resident Evil,19:00,20:33,93,21.0,410.0,54.0,356.0,13.17
2026-09-27,Resident Evil,19:00,20:33,93,11.0,397.0,24.0,373.0,6.05
2026-09-27,Spider-man: Brand New Day,17:30,19:54,144,23.0,707.0,108.0,599.0,15.28
2026-09-27,Spider-man: Brand New Day,21:00,23:24,144,23.0,707.0,0.0,707.0,0.0
2026-09-27,VOSE Resident Evil,21:00,22:33,93,14.0,214.0,13.0,201.0,6.07
2026-09-27,La Odisea,21:00,23:53,173,20.0,318.0,2.0,316.0,0.63
2026-09-27,La Odisea,20:15,23:08,173,9.0,400.0,18.0,382.0,4.5
2026-09-27,Prácticamente Magia 2,20:30,22:39,129,18.0,318.0,7.0,311.0,2.2
2026-09-27,Coyote vs. Acme,19:00,20:43,103,16.0,210.0,26.0,184.0,12.38
2026-09-27,Fall 2: Deadpoint,19:00,20:38,98,1.0,207.0,10.0,197.0,4.83
2026-09-27,Mascotas al rescate,18:30,20:09,99,14.0,214.0,10.0,204.0,4.67
2026-09-27,Xavi Castillo: Apocalipsi Fatxa,18:00,20:00,120,19.0,332.0,312.0,20.0,93.98
2026-09-27,Vengadores: Endgame Extended,22:30,01:36,186,4.0,160.0,13.0,147.0,8.12
2026-09-27,Vengadores: Endgame Extended,22:45,01:51,186,10.0,342.0,22.0,320.0,6.43
2026-09-27,Vengadores: Endgame Extended,21:45,00:51,186,24.0,689.0,28.0,661.0,4.06
2026-09-27,VOSE Vengadores: Endgame Extended,22:00,01:06,186,5.0,315.0,12.0,303.0,3.81
2026-09-27,La bola negra,22:30,01:05,155,8.0,318.0,52.0,266.0,16.35
2026-09-27,La bola negra,21:30,00:05,155,11.0,397.0,150.0,247.0,37.78
2026-09-27,En el corazón de la bestia,21:30,23:11,101,12.0,414.0,51.0,363.0,12.32
2026-09-27,VOSE En el corazón de la bestia,21:30,23:11,101,2.0,207.0,17.0,190.0,8.21
2026-09-27,La isla olvidada,21:30,23:19,109,7.0,318.0,7.0,311.0,2.2
2026-09-27,Resident Evil,22:30,00:03,93,6.0,320.0,14.0,306.0,4.38
2026-09-27,Resident Evil,21:30,23:03,93,21.0,410.0,25.0,385.0,6.1
2026-09-27,Tadeo Jones y la lámpara maravillosa,21:30,23:04,94,17.0,329.0,12.0,317.0,3.65
2026-09-27,Coyote vs. Acme,21:30,23:13,103,16.0,210.0,17.0,193.0,8.1
2026-09-27,Fall 2: Deadpoint,22:00,23:38,98,1.0,207.0,14.0,193.0,6.76
2026-09-28,La bola negra,17:00,19:35,155,8.0,318.0,48.0,270.0,15.09
2026-09-28,La bola negra,20:00,22:35,155,7.0,318.0,80.0,238.0,25.16
2026-09-28,En el corazón de la bestia,17:00,18:41,101,12.0,414.0,1.0,413.0,0.24
2026-09-28,En el corazón de la bestia,19:15,20:56,101,12.0,414.0,5.0,409.0,1.21
2026-09-28,VOSE En el corazón de la bestia,18:30,20:11,101,6.0,320.0,1.0,319.0,0.31
2026-09-28,La isla olvidada,17:40,19:29,109,5.0,315.0,1.0,314.0,0.32
2026-09-28,Resident Evil,17:00,18:33,93,9.0,400.0,1.0,399.0,0.25
2026-09-28,Resident Evil,19:30,21:03,93,9.0,400.0,3.0,397.0,0.75
2026-09-28,Resident Evil,17:00,18:33,93,4.0,160.0,1.0,159.0,0.62
2026-09-28,Resident Evil,19:15,20:48,93,4.0,160.0,6.0,154.0,3.75
2026-09-28,Spider-man: Brand New Day,20:30,22:54,144,2.0,207.0,1.0,206.0,0.48
2026-09-28,La Odisea,20:00,22:53,173,11.0,397.0,1.0,396.0,0.25
2026-09-28,La Odisea,17:00,19:53,173,10.0,342.0,7.0,335.0,2.05
2026-09-28,Tadeo Jones y la lámpara maravillosa,17:45,19:19,94,2.0,207.0,3.0,204.0,1.45
2026-09-28,Coyote vs. Acme,18:00,19:43,103,3.0,210.0,5.0,205.0,2.38
2026-09-28,Tiempo de victoria,17:30,19:10,100,7.0,318.0,1.0,317.0,0.31
2026-09-28,Fall 2: Deadpoint,17:00,18:38,98,1.0,207.0,1.0,206.0,0.48
2026-09-28,Fall 2: Deadpoint,19:30,21:08,98,1.0,207.0,3.0,204.0,1.45
2026-09-28,Fall 2: Deadpoint,22:00,23:38,98,1.0,207.0,1.0,206.0,0.48
2026-09-28,VOSE Fall 2: Deadpoint,17:30,19:08,98,11.0,397.0,1.0,396.0,0.25
2026-09-28,Vengadores: Endgame Extended,21:00,00:06,186,10.0,342.0,49.0,293.0,14.33
2026-09-28,La bola negra,21:00,23:35,155,8.0,318.0,70.0,248.0,22.01
2026-09-28,En el corazón de la bestia,21:30,23:11,101,12.0,414.0,12.0,402.0,2.9
2026-09-28,El ser querido,20:30,22:45,135,5.0,315.0,6.0,309.0,1.9
2026-09-28,Resident Evil,22:00,23:33,93,9.0,400.0,11.0,389.0,2.75
2026-09-28,Resident Evil,21:30,23:03,93,4.0,160.0,12.0,148.0,7.5
2026-09-28,Spider-man: Brand New Day,21:40,00:04,144,2.0,207.0,5.0,202.0,2.42
2026-09-28,Prácticamente Magia 2,21:30,23:39,129,6.0,320.0,2.0,318.0,0.62
2026-09-28,Coyote vs. Acme,21:00,22:43,103,3.0,210.0,5.0,205.0,2.38
2026-09-28,Fall 2: Deadpoint,22:25,00:03,98,1.0,207.0,1.0,206.0,0.48
2026-09-29,Vengadores: Endgame Extended,17:00,20:06,186,10.0,342.0,28.0,314.0,8.19
2026-09-29,Vengadores: Endgame Extended,17:00,20:06,186,4.0,160.0,0.0,160.0,0.0
2026-09-29,La bola negra,20:00,22:35,155,7.0,318.0,261.0,57.0,82.08
2026-09-29,La bola negra,17:00,19:35,155,8.0,318.0,285.0,33.0,89.62
2026-09-29,En el corazón de la bestia,17:00,18:41,101,12.0,414.0,67.0,347.0,16.18
2026-09-29,La isla olvidada,17:40,19:29,109,5.0,315.0,0.0,315.0,0.0
2026-09-29,Resident Evil,17:00,18:33,93,9.0,400.0,4.0,396.0,1.0
2026-09-29,Tadeo Jones y la lámpara maravillosa,17:45,19:19,94,2.0,207.0,2.0,205.0,0.97
2026-09-29,Coyote vs. Acme,18:00,19:43,103,3.0,210.0,0.0,210.0,0.0
2026-09-29,Tiempo de victoria,17:30,19:10,100,7.0,318.0,11.0,307.0,3.46
2026-09-29,Fall 2: Deadpoint,17:00,18:38,98,1.0,207.0,0.0,207.0,0.0
2026-09-29,VOSE Fall 2: Deadpoint,17:30,19:08,98,11.0,397.0,0.0,397.0,0.0
2026-09-29,Vengadores: Endgame Extended,20:50,23:56,186,4.0,160.0,10.0,150.0,6.25
2026-09-29,La bola negra,21:00,23:35,155,8.0,318.0,274.0,44.0,86.16
2026-09-29,En el corazón de la bestia,19:15,20:56,101,12.0,414.0,244.0,170.0,58.94
2026-09-29,En el corazón de la bestia,21:30,23:11,101,12.0,414.0,40.0,374.0,9.66
2026-09-29,VOSE En el corazón de la bestia,18:30,20:11,101,6.0,320.0,16.0,304.0,5.0
2026-09-29,El ser querido,20:30,22:45,135,5.0,315.0,23.0,292.0,7.3
2026-09-29,Resident Evil,19:30,21:03,93,9.0,400.0,20.0,380.0,5.0
2026-09-29,Resident Evil,22:00,23:33,93,9.0,400.0,9.0,391.0,2.25
2026-09-29,Spider-man: Brand New Day,20:30,22:54,144,2.0,207.0,3.0,204.0,1.45
2026-09-29,La Odisea,20:00,22:53,173,11.0,397.0,16.0,381.0,4.03
2026-09-29,La Odisea,21:00,23:53,173,10.0,342.0,29.0,313.0,8.48
2026-09-29,Prácticamente Magia 2,21:30,23:39,129,6.0,320.0,6.0,314.0,1.88
2026-09-29,Coyote vs. Acme,21:00,22:43,103,3.0,210.0,10.0,200.0,4.76
2026-09-29,Fall 2: Deadpoint,19:30,21:08,98,1.0,207.0,4.0,203.0,1.93
2026-09-29,Fall 2: Deadpoint,22:00,23:38,98,1.0,207.0,0.0,207.0,0.0
2026-09-30,La bola negra,17:00,19:35,155,8.0,318.0,261.0,57.0,82.08
2026-09-30,La bola negra,21:00,23:35,155,8.0,318.0,290.0,28.0,91.19
2026-09-30,La bola negra,18:30,21:05,155,2.0,207.0,171.0,36.0,82.61
2026-09-30,En el corazón de la bestia,17:00,18:41,101,12.0,414.0,28.0,386.0,6.76
2026-09-30,VOSE En el corazón de la bestia,17:30,19:11,101,7.0,318.0,4.0,314.0,1.26
2026-09-30,La isla olvidada,17:40,19:29,109,5.0,315.0,7.0,308.0,2.22
2026-09-30,Resident Evil,17:00,18:33,93,4.0,160.0,5.0,155.0,3.12
2026-09-30,Resident Evil,17:00,18:33,93,9.0,400.0,9.0,391.0,2.25
2026-09-30,La Odisea,17:00,19:53,173,10.0,342.0,36.0,306.0,10.53
2026-09-30,Tadeo Jones y la lámpara maravillosa,17:30,19:04,94,1.0,207.0,1.0,206.0,0.48
2026-09-30,Coyote vs. Acme,18:00,19:43,103,6.0,320.0,10.0,310.0,3.12
2026-09-30,VOSE Fall 2: Deadpoint,17:30,19:08,98,11.0,397.0,1.0,396.0,0.25
2026-09-30,Vengadores: Endgame Extended,21:00,00:06,186,10.0,342.0,60.0,282.0,17.54
2026-09-30,La bola negra,20:00,22:35,155,7.0,318.0,290.0,28.0,91.19
2026-09-30,En el corazón de la bestia,19:15,20:56,101,12.0,414.0,208.0,206.0,50.24
2026-09-30,En el corazón de la bestia,21:30,23:11,101,12.0,414.0,60.0,354.0,14.49
2026-09-30,Resident Evil,19:15,20:48,93,4.0,160.0,25.0,135.0,15.62
2026-09-30,Resident Evil,21:30,23:03,93,4.0,160.0,16.0,144.0,10.0
2026-09-30,Resident Evil,19:30,21:03,93,9.0,400.0,90.0,310.0,22.5
2026-09-30,Resident Evil,22:00,23:33,93,9.0,400.0,34.0,366.0,8.5
2026-09-30,Spider-man: Brand New Day,21:40,00:04,144,2.0,207.0,9.0,198.0,4.35
2026-09-30,La Odisea,20:00,22:53,173,11.0,397.0,52.0,345.0,13.1
2026-09-30,Prácticamente Magia 2,21:30,23:39,129,6.0,320.0,11.0,309.0,3.44
2026-09-30,Coyote vs. Acme,20:30,22:13,103,5.0,315.0,12.0,303.0,3.81
2026-09-30,Fall 2: Deadpoint,20:00,21:38,98,1.0,207.0,7.0,200.0,3.38
2026-09-30,Fall 2: Deadpoint,22:25,00:03,98,1.0,207.0,0.0,207.0,0.0
2026-09-30,Linkin Park: Unshatter,19:30,21:20,110,3.0,210.0,99.0,111.0,47.14
2026-10-01,Vengadores: Endgame Extended,17:00,20:06,186,10.0,342.0,33.0,309.0,9.65
2026-10-01,Vengadores: Endgame Extended,17:20,20:26,186,4.0,160.0,1.0,159.0,0.62
2026-10-01,La bola negra,20:00,22:35,155,7.0,318.0,122.0,196.0,38.36
2026-10-01,La bola negra,17:00,19:35,155,8.0,318.0,51.0,267.0,16.04
2026-10-01,La bola negra,21:00,23:35,155,8.0,318.0,68.0,250.0,21.38
2026-10-01,En el corazón de la bestia,17:00,18:41,101,12.0,414.0,3.0,411.0,0.72
2026-10-01,En el corazón de la bestia,19:15,20:56,101,12.0,414.0,4.0,410.0,0.97
2026-10-01,En el corazón de la bestia,21:30,23:11,101,12.0,414.0,5.0,409.0,1.21
2026-10-01,VOSE En el corazón de la bestia,17:30,19:11,101,7.0,318.0,3.0,315.0,0.94
2026-10-01,La isla olvidada,17:40,19:29,109,5.0,315.0,1.0,314.0,0.32
2026-10-01,Resident Evil,21:30,23:03,93,4.0,160.0,13.0,147.0,8.12
2026-10-01,Resident Evil,17:00,18:33,93,9.0,400.0,1.0,399.0,0.25
2026-10-01,Resident Evil,19:30,21:03,93,9.0,400.0,6.0,394.0,1.5
2026-10-01,Resident Evil,22:00,23:33,93,9.0,400.0,5.0,395.0,1.25
2026-10-01,Spider-man: Brand New Day,20:30,22:54,144,2.0,207.0,3.0,204.0,1.45
2026-10-01,La Odisea,20:00,22:53,173,11.0,397.0,4.0,393.0,1.01
2026-10-01,La Odisea,21:00,23:53,173,10.0,342.0,44.0,298.0,12.87
2026-10-01,Prácticamente Magia 2,21:30,23:39,129,6.0,320.0,7.0,313.0,2.19
2026-10-01,Coyote vs. Acme,18:00,19:43,103,6.0,320.0,1.0,319.0,0.31
2026-10-01,Coyote vs. Acme,20:30,22:13,103,5.0,315.0,1.0,314.0,0.32
2026-10-01,Fall 2: Deadpoint,17:00,18:38,98,1.0,207.0,1.0,206.0,0.48
2026-10-01,Fall 2: Deadpoint,19:30,21:08,98,1.0,207.0,1.0,206.0,0.48
2026-10-01,Fall 2: Deadpoint,22:00,23:38,98,1.0,207.0,1.0,206.0,0.48
2026-10-01,VOSE Fall 2: Deadpoint,17:30,19:08,98,11.0,397.0,1.0,396.0,0.25
2026-10-01,VOSE Blue Jasmine,19:00,20:38,98,3.0,210.0,12.0,198.0,5.71
2026-10-02,Vengadores: Endgame Extended,17:00,20:06,186,11.0,397.0,3.0,394.0,0.76
2026-10-02,La bola negra,17:30,20:05,155,12.0,414.0,41.0,373.0,9.9
2026-10-02,En el corazón de la bestia,17:30,19:11,101,9.0,400.0,3.0,397.0,0.75
2026-10-02,La isla olvidada,17:45,19:34,109,2.0,207.0,18.0,189.0,8.7
2026-10-02,La isla olvidada,17:00,18:49,109,1.0,207.0,3.0,204.0,1.45
2026-10-02,Resident Evil,18:00,19:33,93,4.0,160.0,5.0,155.0,3.12
2026-10-02,La Odisea,17:00,19:53,173,8.0,318.0,1.0,317.0,0.31
2026-10-02,Tadeo Jones y la lámpara maravillosa,17:45,19:19,94,6.0,320.0,8.0,312.0,2.5
2026-10-02,VOSE Verity. La sombra de un engaño,18:00,19:56,116,3.0,210.0,5.0,205.0,2.38
2026-10-02,Verity. La sombra de un engaño,17:10,19:06,116,7.0,318.0,5.0,313.0,1.57
2026-10-02,Digger,17:00,19:08,128,10.0,342.0,3.0,339.0,0.88
2026-10-02,Digger,18:00,20:08,128,5.0,315.0,1.0,314.0,0.32
2026-10-02,La bola negra,20:30,23:05,155,7.0,318.0,192.0,126.0,60.38
2026-10-02,La bola negra,19:15,21:50,155,20.0,318.0,263.0,55.0,82.7
2026-10-02,La bola negra,21:30,00:05,155,23.0,707.0,158.0,549.0,22.35
2026-10-02,La bola negra,18:30,21:05,155,24.0,689.0,214.0,475.0,31.06
2026-10-02,La bola negra,22:15,00:50,155,24.0,689.0,141.0,548.0,20.46
2026-10-02,Digger,21:00,23:08,128,5.0,315.0,9.0,306.0,2.86
2026-10-02,Digger,18:30,20:38,128,23.0,707.0,21.0,686.0,2.97
2026-10-02,VOSE Digger,20:30,22:38,128,10.0,342.0,22.0,320.0,6.43
2026-10-02,VOSE Digger,19:00,21:08,128,17.0,329.0,18.0,311.0,5.47
2026-10-02,VOSE Verity. La sombra de un engaño,21:00,22:56,116,3.0,210.0,9.0,201.0,4.29
2026-10-02,VOSE Verity. La sombra de un engaño,18:30,20:26,116,14.0,214.0,11.0,203.0,5.14
2026-10-02,VOSE Verity. La sombra de un engaño,21:30,23:26,116,14.0,214.0,3.0,211.0,1.4
2026-10-02,Verity. La sombra de un engaño,19:00,20:56,116,21.0,410.0,46.0,364.0,11.22
2026-10-02,Verity. La sombra de un engaño,22:00,23:56,116,21.0,410.0,17.0,393.0,4.15
2026-10-02,Verity. La sombra de un engaño,21:00,22:56,116,12.0,414.0,10.0,404.0,2.42
2026-10-02,En el corazón de la bestia,20:15,21:56,101,9.0,400.0,21.0,379.0,5.25
2026-10-02,En el corazón de la bestia,19:30,21:11,101,16.0,210.0,26.0,184.0,12.38
2026-10-02,En el corazón de la bestia,21:45,23:26,101,16.0,210.0,22.0,188.0,10.48
2026-10-02,Vengadores: Endgame Extended,20:45,23:51,186,11.0,397.0,18.0,379.0,4.53
2026-10-02,Vengadores: Endgame Extended,20:30,23:36,186,4.0,160.0,16.0,144.0,10.0
2026-10-02,Vengadores: Endgame Extended,18:30,21:36,186,18.0,318.0,39.0,279.0,12.26
2026-10-02,Vengadores: Endgame Extended,22:00,01:06,186,17.0,329.0,5.0,324.0,1.52
2026-10-02,VOSE Vengadores: Endgame Extended,22:15,01:21,186,22.0,396.0,4.0,392.0,1.01
2026-10-02,Resident Evil,22:30,00:03,93,20.0,318.0,21.0,297.0,6.6
2026-10-02,Resident Evil,20:15,21:48,93,6.0,320.0,38.0,282.0,11.88
2026-10-02,La Odisea,21:00,23:53,173,8.0,318.0,21.0,297.0,6.6
2026-10-02,La Odisea,18:30,21:23,173,22.0,396.0,35.0,361.0,8.84
2026-10-02,La isla olvidada,20:30,22:19,109,2.0,207.0,16.0,191.0,7.73
2026-10-02,Spider-man: Brand New Day,22:15,00:39,144,18.0,318.0,3.0,315.0,0.94
2026-10-02,Coyote vs. Acme,20:00,21:43,103,1.0,207.0,23.0,184.0,11.11
2026-10-02,Nuda Propiedad,18:45,20:24,99,13.0,217.0,5.0,212.0,2.3
2026-10-02,Nuda Propiedad,21:30,23:09,99,13.0,217.0,2.0,215.0,0.92
2026-10-02,Lucky Strike,18:45,20:28,103,15.0,217.0,6.0,211.0,2.76
2026-10-02,VOSE Lucky Strike,21:25,23:08,103,15.0,217.0,4.0,213.0,1.84
2026-10-03,La bola negra,16:00,18:35,155,8.0,318.0,76.0,242.0,23.9
2026-10-03,La bola negra,18:30,21:05,155,12.0,414.0,267.0,147.0,64.49
2026-10-03,Digger,16:00,18:08,128,10.0,342.0,3.0,339.0,0.88
2026-10-03,VOSE Digger,16:00,18:08,128,5.0,315.0,9.0,306.0,2.86
2026-10-03,Verity. La sombra de un engaño,16:30,18:26,116,11.0,397.0,4.0,393.0,1.01
2026-10-03,En el corazón de la bestia,16:00,17:41,101,12.0,414.0,9.0,405.0,2.17
2026-10-03,Resident Evil,16:00,17:33,93,2.0,207.0,11.0,196.0,5.31
2026-10-03,La isla olvidada,16:00,17:49,109,9.0,400.0,5.0,395.0,1.25
2026-10-03,VOSE La isla olvidada,16:00,17:49,109,6.0,320.0,2.0,318.0,0.62
2026-10-03,Spider-man: Brand New Day,16:00,18:24,144,4.0,160.0,18.0,142.0,11.25
2026-10-03,Coyote vs. Acme,16:00,17:43,103,3.0,210.0,16.0,194.0,7.62
2026-10-03,Nuda Propiedad,16:00,17:39,99,1.0,207.0,1.0,206.0,0.48
2026-10-03,La bola negra,19:15,21:50,155,8.0,318.0,296.0,22.0,93.08
2026-10-03,La bola negra,17:25,20:00,155,24.0,689.0,511.0,178.0,74.17
2026-10-03,Digger,19:00,21:08,128,10.0,342.0,13.0,329.0,3.8
2026-10-03,Digger,17:30,19:38,128,17.0,329.0,21.0,308.0,6.38
2026-10-03,Digger,19:10,21:18,128,5.0,315.0,8.0,307.0,2.54
2026-10-03,Verity. La sombra de un engaño,19:00,20:56,116,11.0,397.0,49.0,348.0,12.34
2026-10-03,Verity. La sombra de un engaño,17:10,19:06,116,23.0,707.0,37.0,670.0,5.23
2026-10-03,Verity. La sombra de un engaño,20:00,21:56,116,23.0,707.0,22.0,685.0,3.11
2026-10-03,VOSE Verity. La sombra de un engaño,18:30,20:26,116,2.0,207.0,26.0,181.0,12.56
2026-10-03,En el corazón de la bestia,18:00,19:41,101,22.0,396.0,145.0,251.0,36.62
2026-10-03,En el corazón de la bestia,20:15,21:56,101,22.0,396.0,42.0,354.0,10.61
2026-10-03,En el corazón de la bestia,19:30,21:11,101,7.0,318.0,75.0,243.0,23.58
2026-10-03,Vengadores: Endgame Extended,17:00,20:06,186,21.0,410.0,109.0,301.0,26.59
2026-10-03,Vengadores: Endgame Extended,18:30,21:36,186,6.0,320.0,33.0,287.0,10.31
2026-10-03,Vengadores: Endgame Extended,18:55,22:01,186,4.0,160.0,53.0,107.0,33.12
2026-10-03,VOSE Vengadores: Endgame Extended,20:00,23:06,186,16.0,210.0,24.0,186.0,11.43
2026-10-03,Resident Evil,17:45,19:18,93,18.0,318.0,128.0,190.0,40.25
2026-10-03,Resident Evil,20:15,21:48,93,18.0,318.0,92.0,226.0,28.93
2026-10-03,La Odisea,17:00,19:53,173,20.0,318.0,91.0,227.0,28.62
2026-10-03,La Odisea,18:45,21:38,173,9.0,400.0,84.0,316.0,21.0
2026-10-03,La isla olvidada,17:45,19:34,109,14.0,214.0,114.0,100.0,53.27
2026-10-03,La isla olvidada,17:00,18:49,109,13.0,217.0,55.0,162.0,25.35
2026-10-03,Tadeo Jones y la lámpara maravillosa,17:30,19:04,94,15.0,217.0,158.0,59.0,72.81
2026-10-03,Tadeo Jones y la lámpara maravillosa,20:00,21:34,94,15.0,217.0,25.0,192.0,11.52
2026-10-03,Nuda Propiedad,18:45,20:24,99,1.0,207.0,3.0,204.0,1.45
2026-10-03,Lucky Strike,18:45,20:28,103,3.0,210.0,7.0,203.0,3.33
2026-10-03,Linkin Park: Unshatter,17:00,18:50,110,16.0,210.0,124.0,86.0,59.05
2026-10-03,La Tía Visantica,19:00,20:30,90,19.0,332.0,301.0,31.0,90.66
2026-10-03,La bola negra,22:30,01:05,155,8.0,318.0,271.0,47.0,85.22
2026-10-03,La bola negra,20:30,23:05,155,24.0,689.0,569.0,120.0,82.58
2026-10-03,La bola negra,21:30,00:05,155,11.0,397.0,349.0,48.0,87.91
2026-10-03,Digger,21:00,23:08,128,17.0,329.0,33.0,296.0,10.03
2026-10-03,VOSE Digger,22:00,00:08,128,10.0,342.0,8.0,334.0,2.34
2026-10-03,Verity. La sombra de un engaño,22:00,23:56,116,12.0,414.0,58.0,356.0,14.01
2026-10-03,VOSE Verity. La sombra de un engaño,21:30,23:26,116,2.0,207.0,32.0,175.0,15.46
2026-10-03,En el corazón de la bestia,21:45,23:26,101,7.0,318.0,106.0,212.0,33.33
2026-10-03,VOSE En el corazón de la bestia,20:30,22:11,101,13.0,217.0,50.0,167.0,23.04
2026-10-03,Vengadores: Endgame Extended,20:45,23:51,186,21.0,410.0,47.0,363.0,11.46
2026-10-03,Vengadores: Endgame Extended,21:30,00:36,186,1.0,207.0,42.0,165.0,20.29
2026-10-03,Resident Evil,22:30,00:03,93,4.0,160.0,139.0,21.0,86.88
2026-10-03,La Odisea,21:00,23:53,173,20.0,318.0,81.0,237.0,25.47
2026-10-03,La isla olvidada,20:30,22:19,109,14.0,214.0,78.0,136.0,36.45
2026-10-03,Spider-man: Brand New Day,22:15,00:39,144,6.0,320.0,42.0,278.0,13.12
2026-10-03,Prácticamente Magia 2,22:30,00:39,129,9.0,400.0,45.0,355.0,11.25
2026-10-03,Coyote vs. Acme,22:15,23:58,103,5.0,315.0,24.0,291.0,7.62
2026-10-03,VOSE Lucky Strike,21:30,23:13,103,3.0,210.0,2.0,208.0,0.95
2026-10-04,La bola negra,12:00,14:35,155,12.0,414.0,43.0,371.0,10.39
2026-10-04,La bola negra,17:00,19:35,155,9.0,400.0,344.0,56.0,86.0
2026-10-04,La bola negra,19:35,22:10,155,8.0,318.0,245.0,73.0,77.04
2026-10-04,La bola negra,16:00,18:35,155,24.0,689.0,92.0,597.0,13.35
2026-10-04,La bola negra,19:15,21:50,155,3.0,210.0,47.0,163.0,22.38
2026-10-04,Digger,11:30,13:38,128,10.0,342.0,1.0,341.0,0.29
2026-10-04,Digger,16:00,18:08,128,17.0,329.0,1.0,328.0,0.3
2026-10-04,Digger,18:30,20:38,128,11.0,397.0,3.0,394.0,0.76
2026-10-04,VOSE Digger,12:00,14:08,128,5.0,315.0,3.0,312.0,0.95
2026-10-04,Verity. La sombra de un engaño,16:00,17:56,116,21.0,410.0,10.0,400.0,2.44
2026-10-04,Verity. La sombra de un engaño,12:00,13:56,116,6.0,320.0,3.0,317.0,0.94
2026-10-04,VOSE Verity. La sombra de un engaño,11:45,13:41,116,2.0,207.0,1.0,206.0,0.48
2026-10-04,VOSE Verity. La sombra de un engaño,17:00,18:56,116,2.0,207.0,10.0,197.0,4.83
2026-10-04,En el corazón de la bestia,17:00,18:41,101,6.0,320.0,29.0,291.0,9.06
2026-10-04,En el corazón de la bestia,11:45,13:26,101,9.0,400.0,1.0,399.0,0.25
2026-10-04,VOSE En el corazón de la bestia,16:30,18:11,101,18.0,318.0,9.0,309.0,2.83
2026-10-04,Vengadores: Endgame Extended,17:00,20:06,186,5.0,315.0,34.0,281.0,10.79
2026-10-04,Vengadores: Endgame Extended,16:00,19:06,186,22.0,396.0,3.0,393.0,0.76
2026-10-04,Vengadores: Endgame Extended,11:30,14:36,186,11.0,397.0,7.0,390.0,1.76
2026-10-04,Resident Evil,12:05,13:38,93,7.0,318.0,1.0,317.0,0.31
2026-10-04,Resident Evil,17:00,18:33,93,7.0,318.0,21.0,297.0,6.6
2026-10-04,Resident Evil,16:00,17:33,93,13.0,217.0,6.0,211.0,2.76
2026-10-04,La Odisea,16:00,18:53,173,20.0,318.0,25.0,293.0,7.86
2026-10-04,La Odisea,11:30,14:23,173,1.0,207.0,6.0,201.0,2.9
2026-10-04,La isla olvidada,12:30,14:19,109,8.0,318.0,8.0,310.0,2.52
2026-10-04,La isla olvidada,17:00,18:49,109,8.0,318.0,18.0,300.0,5.66
2026-10-04,VOSE La isla olvidada,16:00,17:49,109,16.0,210.0,5.0,205.0,2.38
2026-10-04,Spider-man: Brand New Day,12:00,14:24,144,4.0,160.0,4.0,156.0,2.5
2026-10-04,Spider-man: Brand New Day,16:30,18:54,144,23.0,707.0,9.0,698.0,1.27
2026-10-04,Tadeo Jones y la lámpara maravillosa,11:45,13:19,94,3.0,210.0,2.0,208.0,0.95
2026-10-04,Tadeo Jones y la lámpara maravillosa,17:00,18:34,94,3.0,210.0,8.0,202.0,3.81
2026-10-04,Tadeo Jones y la lámpara maravillosa,16:15,17:49,94,15.0,217.0,16.0,201.0,7.37
2026-10-04,Nuda Propiedad,17:00,18:39,99,1.0,207.0,1.0,206.0,0.48
2026-10-04,Lucky Strike,16:30,18:13,103,14.0,214.0,4.0,210.0,1.87
2026-10-04,La bola negra,21:00,23:35,155,9.0,400.0,41.0,359.0,10.25
2026-10-04,La bola negra,20:00,22:35,155,24.0,689.0,376.0,313.0,54.57
2026-10-04,La bola negra,20:30,23:05,155,23.0,707.0,100.0,607.0,14.14
2026-10-04,La bola negra,18:30,21:05,155,11.0,397.0,283.0,114.0,71.28
2026-10-04,Digger,17:30,19:38,128,10.0,342.0,37.0,305.0,10.82
2026-10-04,Digger,21:00,23:08,128,10.0,342.0,2.0,340.0,0.58
2026-10-04,Digger,20:00,22:08,128,17.0,329.0,7.0,322.0,2.13
2026-10-04,Digger,18:30,20:38,128,19.0,332.0,18.0,314.0,5.42
2026-10-04,VOSE Digger,20:30,22:38,128,13.0,217.0,4.0,213.0,1.84
2026-10-04,Verity. La sombra de un engaño,19:50,21:46,116,21.0,410.0,20.0,390.0,4.88
2026-10-04,Verity. La sombra de un engaño,19:00,20:56,116,12.0,414.0,38.0,376.0,9.18
2026-10-04,En el corazón de la bestia,19:15,20:56,101,6.0,320.0,117.0,203.0,36.56
2026-10-04,En el corazón de la bestia,20:00,21:41,101,18.0,318.0,52.0,266.0,16.35
2026-10-04,Vengadores: Endgame Extended,17:30,20:36,186,4.0,160.0,91.0,69.0,56.88
2026-10-04,Vengadores: Endgame Extended,21:00,00:06,186,5.0,315.0,6.0,309.0,1.9
2026-10-04,Vengadores: Endgame Extended,20:00,23:06,186,22.0,396.0,7.0,389.0,1.77
2026-10-04,Resident Evil,19:15,20:48,93,7.0,318.0,85.0,233.0,26.73
2026-10-04,La Odisea,20:00,22:53,173,20.0,318.0,50.0,268.0,15.72
2026-10-04,La isla olvidada,19:25,21:14,109,2.0,207.0,14.0,193.0,6.76
2026-10-04,Prácticamente Magia 2,20:15,22:24,129,15.0,217.0,11.0,206.0,5.07
2026-10-04,Coyote vs. Acme,20:00,21:43,103,16.0,210.0,23.0,187.0,10.95
2026-10-04,Nuda Propiedad,19:25,21:04,99,1.0,207.0,14.0,193.0,6.76
2026-10-04,VOSE Lucky Strike,20:00,21:43,103,14.0,214.0,0.0,214.0,0.0
2026-10-04,Digger,21:30,23:38,128,11.0,397.0,11.0,386.0,2.77
2026-10-04,Verity. La sombra de un engaño,21:30,23:26,116,12.0,414.0,25.0,389.0,6.04
2026-10-04,VOSE Verity. La sombra de un engaño,21:45,23:41,116,2.0,207.0,9.0,198.0,4.35
2026-10-04,En el corazón de la bestia,21:30,23:11,101,6.0,320.0,42.0,278.0,13.12
2026-10-04,Resident Evil,21:30,23:03,93,4.0,160.0,110.0,50.0,68.75
2026-10-04,La Odisea,21:25,00:18,173,7.0,318.0,27.0,291.0,8.49
2026-10-04,Nuda Propiedad,21:40,23:19,99,1.0,207.0,3.0,204.0,1.45
2026-10-05,La bola negra,17:00,19:35,155,11.0,397.0,21.0,376.0,5.29
2026-10-05,La bola negra,20:30,23:05,155,11.0,397.0,20.0,377.0,5.04
2026-10-05,La bola negra,18:30,21:05,155,12.0,414.0,23.0,391.0,5.56
2026-10-05,La bola negra,21:35,00:10,155,12.0,414.0,1.0,413.0,0.24
2026-10-05,Digger,17:30,19:38,128,10.0,342.0,1.0,341.0,0.29
2026-10-05,Digger,17:00,19:08,128,8.0,318.0,3.0,315.0,0.94
2026-10-05,Digger,19:00,21:08,128,9.0,400.0,1.0,399.0,0.25
2026-10-05,Digger,21:55,00:03,128,9.0,400.0,1.0,399.0,0.25
2026-10-05,VOSE Digger,20:30,22:38,128,10.0,342.0,1.0,341.0,0.29
2026-10-05,Verity. La sombra de un engaño,17:00,18:56,116,7.0,318.0,1.0,317.0,0.31
2026-10-05,Verity. La sombra de un engaño,19:30,21:26,116,7.0,318.0,2.0,316.0,0.63
2026-10-05,Verity. La sombra de un engaño,22:00,23:56,116,7.0,318.0,1.0,317.0,0.31
2026-10-05,VOSE Verity. La sombra de un engaño,21:00,22:56,116,2.0,207.0,0.0,207.0,0.0
2026-10-05,En el corazón de la bestia,17:00,18:41,101,6.0,320.0,2.0,318.0,0.62
2026-10-05,En el corazón de la bestia,19:15,20:56,101,6.0,320.0,0.0,320.0,0.0
2026-10-05,En el corazón de la bestia,21:45,23:26,101,5.0,315.0,3.0,312.0,0.95
2026-10-05,Vengadores: Endgame Extended,17:00,20:06,186,2.0,207.0,2.0,205.0,0.97
2026-10-05,Vengadores: Endgame Extended,17:50,20:56,186,4.0,160.0,13.0,147.0,8.12
2026-10-05,Vengadores: Endgame Extended,20:00,23:06,186,8.0,318.0,0.0,318.0,0.0
2026-10-05,Resident Evil,21:30,23:03,93,4.0,160.0,0.0,160.0,0.0
2026-10-05,Resident Evil,17:00,18:33,93,5.0,315.0,2.0,313.0,0.63
2026-10-05,Resident Evil,19:20,20:53,93,5.0,315.0,2.0,313.0,0.63
2026-10-05,La Odisea,21:20,00:13,173,6.0,320.0,3.0,317.0,0.94
2026-10-05,La isla olvidada,17:30,19:19,109,3.0,210.0,0.0,210.0,0.0
2026-10-05,Tadeo Jones y la lámpara maravillosa,17:00,18:34,94,1.0,207.0,0.0,207.0,0.0
2026-10-05,Nuda Propiedad,19:30,21:09,99,1.0,207.0,0.0,207.0,0.0
2026-10-05,Nuda Propiedad,22:00,23:39,99,1.0,207.0,1.0,206.0,0.48
2026-10-05,Lucky Strike,19:55,21:38,103,3.0,210.0,0.0,210.0,0.0
2026-10-05,VOSE Lucky Strike,22:20,00:03,103,3.0,210.0,1.0,209.0,0.48
2026-10-06,La bola negra,17:00,19:35,155,11.0,397.0,229.0,168.0,57.68
2026-10-06,La bola negra,18:30,21:05,155,12.0,414.0,214.0,200.0,51.69
2026-10-06,Digger,17:30,19:38,128,10.0,342.0,2.0,340.0,0.58
2026-10-06,Digger,17:00,19:08,128,8.0,318.0,7.0,311.0,2.2
2026-10-06,Verity. La sombra de un engaño,17:00,18:56,116,7.0,318.0,16.0,302.0,5.03
2026-10-06,En el corazón de la bestia,17:00,18:41,101,6.0,320.0,41.0,279.0,12.81
2026-10-06,Vengadores: Endgame Extended,17:00,20:06,186,2.0,207.0,1.0,206.0,0.48
2026-10-06,Vengadores: Endgame Extended,17:50,20:56,186,4.0,160.0,4.0,156.0,2.5
2026-10-06,Resident Evil,17:00,18:33,93,5.0,315.0,3.0,312.0,0.95
2026-10-06,La isla olvidada,17:30,19:19,109,3.0,210.0,1.0,209.0,0.48
2026-10-06,Nuda Propiedad,17:00,18:39,99,1.0,207.0,7.0,200.0,3.38
2026-10-06,La bola negra,20:30,23:05,155,11.0,397.0,169.0,228.0,42.57
2026-10-06,La bola negra,21:35,00:10,155,12.0,414.0,58.0,356.0,14.01
2026-10-06,La bola negra,19:15,21:50,155,1.0,207.0,192.0,15.0,92.75
2026-10-06,Digger,20:30,22:38,128,10.0,342.0,5.0,337.0,1.46
2026-10-06,Digger,19:00,21:08,128,9.0,400.0,58.0,342.0,14.5
2026-10-06,Digger,21:50,23:58,128,9.0,400.0,4.0,396.0,1.0
2026-10-06,Verity. La sombra de un engaño,19:30,21:26,116,7.0,318.0,56.0,262.0,17.61
2026-10-06,Verity. La sombra de un engaño,22:00,23:56,116,7.0,318.0,13.0,305.0,4.09
2026-10-06,En el corazón de la bestia,19:15,20:56,101,6.0,320.0,119.0,201.0,37.19
2026-10-06,En el corazón de la bestia,21:45,23:26,101,5.0,315.0,20.0,295.0,6.35
2026-10-06,Vengadores: Endgame Extended,20:00,23:06,186,8.0,318.0,1.0,317.0,0.31
2026-10-06,Resident Evil,19:20,20:53,93,5.0,315.0,27.0,288.0,8.57
2026-10-06,Resident Evil,21:30,23:03,93,4.0,160.0,5.0,155.0,3.12
2026-10-06,La Odisea,21:20,00:13,173,6.0,320.0,14.0,306.0,4.38
2026-10-06,El ser querido,21:00,23:15,135,2.0,207.0,5.0,202.0,2.42
2026-10-06,Nuda Propiedad,22:20,23:59,99,1.0,207.0,1.0,206.0,0.48
2026-10-06,Lucky Strike,19:55,21:38,103,3.0,210.0,9.0,201.0,4.29
2026-10-06,VOSE Lucky Strike,22:20,00:03,103,3.0,210.0,1.0,209.0,0.48
2026-10-07,La bola negra,17:00,19:35,155,11.0,397.0,197.0,200.0,49.62
2026-10-07,La bola negra,18:30,21:05,155,12.0,414.0,353.0,61.0,85.27
2026-10-07,Digger,16:40,18:48,128,10.0,342.0,1.0,341.0,0.29
2026-10-07,Digger,17:00,19:08,128,8.0,318.0,1.0,317.0,0.31
2026-10-07,Digger,19:00,21:08,128,9.0,400.0,13.0,387.0,3.25
2026-10-07,Verity. La sombra de un engaño,17:00,18:56,116,7.0,318.0,6.0,312.0,1.89
2026-10-07,En el corazón de la bestia,17:00,18:41,101,6.0,320.0,17.0,303.0,5.31
2026-10-07,En el corazón de la bestia,19:15,20:56,101,6.0,320.0,21.0,299.0,6.56
2026-10-07,Vengadores: Endgame Extended,17:00,20:06,186,2.0,207.0,9.0,198.0,4.35
2026-10-07,Vengadores: Endgame Extended,17:50,20:56,186,4.0,160.0,6.0,154.0,3.75
2026-10-07,Resident Evil,17:00,18:33,93,5.0,315.0,16.0,299.0,5.08
2026-10-07,Resident Evil,19:20,20:53,93,5.0,315.0,36.0,279.0,11.43
2026-10-07,La isla olvidada,17:30,19:19,109,3.0,210.0,1.0,209.0,0.48
2026-10-07,Tadeo Jones y la lámpara maravillosa,17:00,18:34,94,1.0,207.0,3.0,204.0,1.45
2026-10-07,La bola negra,20:30,23:05,155,11.0,397.0,367.0,30.0,92.44
2026-10-07,La bola negra,21:35,00:10,155,12.0,414.0,336.0,78.0,81.16
2026-10-07,Digger,21:50,23:58,128,9.0,400.0,6.0,394.0,1.5
2026-10-07,VOSE Digger,22:00,00:08,128,10.0,342.0,9.0,333.0,2.63
2026-10-07,Verity. La sombra de un engaño,19:30,21:26,116,7.0,318.0,61.0,257.0,19.18
2026-10-07,Verity. La sombra de un engaño,22:00,23:56,116,7.0,318.0,16.0,302.0,5.03
2026-10-07,VOSE Verity. La sombra de un engaño,21:00,22:56,116,2.0,207.0,10.0,197.0,4.83
2026-10-07,En el corazón de la bestia,21:45,23:26,101,5.0,315.0,31.0,284.0,9.84
2026-10-07,Vengadores: Endgame Extended,20:00,23:06,186,8.0,318.0,34.0,284.0,10.69
2026-10-07,Resident Evil,21:30,23:03,93,4.0,160.0,11.0,149.0,6.88
2026-10-07,La Odisea,21:25,00:18,173,6.0,320.0,39.0,281.0,12.19
2026-10-07,Nuda Propiedad,19:30,21:09,99,1.0,207.0,19.0,188.0,9.18
2026-10-07,Nuda Propiedad,22:00,23:39,99,1.0,207.0,0.0,207.0,0.0
2026-10-07,Lucky Strike,19:55,21:38,103,3.0,210.0,14.0,196.0,6.67
2026-10-07,VOSE Lucky Strike,22:20,00:03,103,3.0,210.0,0.0,210.0,0.0
2026-10-07,Queen Budapest,19:30,21:07,97,10.0,342.0,122.0,220.0,35.67
2026-10-08,La bola negra,17:00,19:35,155,11.0,397.0,30.0,367.0,7.56
2026-10-08,La bola negra,18:30,21:05,155,12.0,414.0,142.0,272.0,34.3
2026-10-08,Digger,17:30,19:38,128,10.0,342.0,0.0,342.0,0.0
2026-10-08,Digger,17:00,19:08,128,8.0,318.0,1.0,317.0,0.31
2026-10-08,Digger,19:00,21:08,128,9.0,400.0,3.0,397.0,0.75
2026-10-08,Verity. La sombra de un engaño,17:00,18:56,116,7.0,318.0,1.0,317.0,0.31
2026-10-08,En el corazón de la bestia,17:00,18:41,101,6.0,320.0,5.0,315.0,1.56
2026-10-08,En el corazón de la bestia,19:15,20:56,101,6.0,320.0,8.0,312.0,2.5
2026-10-08,Vengadores: Endgame Extended,17:50,20:56,186,4.0,160.0,7.0,153.0,4.38
2026-10-08,Vengadores: Endgame Extended,17:00,20:06,186,2.0,207.0,1.0,206.0,0.48
2026-10-08,Resident Evil,17:00,18:33,93,5.0,315.0,9.0,306.0,2.86
2026-10-08,Resident Evil,19:20,20:53,93,5.0,315.0,4.0,311.0,1.27
2026-10-08,La isla olvidada,17:30,19:19,109,3.0,210.0,0.0,210.0,0.0
2026-10-08,Tadeo Jones y la lámpara maravillosa,17:00,18:34,94,1.0,207.0,0.0,207.0,0.0
2026-10-08,Nuda Propiedad,22:00,23:39,99,1.0,207.0,0.0,207.0,0.0
2026-10-08,VOSE Lucky Strike,22:20,00:03,103,3.0,210.0,0.0,210.0,0.0
2026-10-08,La bola negra,20:30,23:05,155,11.0,397.0,171.0,226.0,43.07
2026-10-08,La bola negra,21:35,00:10,155,12.0,414.0,102.0,312.0,24.64
2026-10-08,La bola negra,22:00,00:35,155,1.0,207.0,29.0,178.0,14.01
2026-10-08,Digger,22:00,00:08,128,9.0,400.0,4.0,396.0,1.0
2026-10-08,VOSE Digger,20:30,22:38,128,10.0,342.0,11.0,331.0,3.22
2026-10-08,Verity. La sombra de un engaño,19:30,21:26,116,7.0,318.0,28.0,290.0,8.81
2026-10-08,Verity. La sombra de un engaño,22:00,23:56,116,7.0,318.0,18.0,300.0,5.66
2026-10-08,VOSE Verity. La sombra de un engaño,21:00,22:56,116,2.0,207.0,2.0,205.0,0.97
2026-10-08,En el corazón de la bestia,21:45,23:26,101,5.0,315.0,22.0,293.0,6.98
2026-10-08,Vengadores: Endgame Extended,20:00,23:06,186,8.0,318.0,13.0,305.0,4.09
2026-10-08,Resident Evil,21:30,23:03,93,4.0,160.0,24.0,136.0,15.0
2026-10-08,La Odisea,21:20,00:13,173,6.0,320.0,25.0,295.0,7.81
2026-10-08,Nuda Propiedad,19:30,21:09,99,1.0,207.0,4.0,203.0,1.93
2026-10-08,Nuda Propiedad,22:15,23:54,99,3.0,210.0,0.0,210.0,0.0
2026-10-08,Lucky Strike,19:55,21:38,103,3.0,210.0,5.0,205.0,2.38
2026-10-09,La bola negra,16:00,18:35,155,9.0,400.0,25.0,375.0,6.25
2026-10-09,La bola negra,18:30,21:05,155,12.0,414.0,159.0,255.0,38.41
2026-10-09,La bola negra,17:15,19:50,155,24.0,689.0,76.0,613.0,11.03
2026-10-09,La bola negra,17:45,20:20,155,17.0,329.0,47.0,282.0,14.29
2026-10-09,Verity. La sombra de un engaño,16:30,18:26,116,11.0,397.0,6.0,391.0,1.51
2026-10-09,En el corazón de la bestia,16:00,17:41,101,12.0,414.0,14.0,400.0,3.38
2026-10-09,En el corazón de la bestia,18:00,19:41,101,22.0,396.0,26.0,370.0,6.57
2026-10-09,Vengadores: Endgame Extended,18:45,21:51,186,4.0,160.0,11.0,149.0,6.88
2026-10-09,Vengadores: Endgame Extended,17:00,20:06,186,21.0,410.0,26.0,384.0,6.34
2026-10-09,Resident Evil,16:20,17:53,93,4.0,160.0,2.0,158.0,1.25
2026-10-09,Resident Evil,17:45,19:18,93,18.0,318.0,20.0,298.0,6.29
2026-10-09,La Odisea,18:30,21:23,173,6.0,320.0,8.0,312.0,2.5
2026-10-09,La Odisea,15:40,18:33,173,10.0,342.0,13.0,329.0,3.8
2026-10-09,La Odisea,17:00,19:53,173,20.0,318.0,4.0,314.0,1.26
2026-10-09,La isla olvidada,16:00,17:49,109,6.0,320.0,2.0,318.0,0.62
2026-10-09,La isla olvidada,17:30,19:19,109,19.0,332.0,0.0,332.0,0.0
2026-10-09,La isla olvidada,17:00,18:49,109,23.0,707.0,5.0,702.0,0.71
2026-10-09,Tadeo Jones y la lámpara maravillosa,16:30,18:04,94,8.0,318.0,0.0,318.0,0.0
2026-10-09,Tadeo Jones y la lámpara maravillosa,17:30,19:04,94,15.0,217.0,0.0,217.0,0.0
2026-10-09,Coyote vs. Acme,16:00,17:43,103,3.0,210.0,8.0,202.0,3.81
2026-10-09,Las ciegas hormigas (Inurri Itsuak),16:30,18:11,101,5.0,315.0,0.0,315.0,0.0
2026-10-09,Las ciegas hormigas (Inurri Itsuak),19:00,20:41,101,5.0,315.0,0.0,315.0,0.0
2026-10-09,La otra madre,16:15,17:48,93,7.0,318.0,6.0,312.0,1.89
2026-10-09,La otra madre,17:45,19:18,93,16.0,210.0,8.0,202.0,3.81
2026-10-09,El precio de la red,17:00,18:52,112,14.0,214.0,0.0,214.0,0.0
2026-10-09,Doraemon: aventuras en el mundo del arte,19:00,20:40,100,3.0,210.0,7.0,203.0,3.33
2026-10-09,Doraemon: aventuras en el mundo del arte,17:30,19:10,100,13.0,217.0,0.0,217.0,0.0
2026-10-09,Mascotas al rescate,16:00,17:39,99,1.0,207.0,0.0,207.0,0.0
2026-10-09,Mascotas al rescate,18:30,20:09,99,1.0,207.0,0.0,207.0,0.0
2026-10-09,VOSE El árbol muy muy lejano,16:15,18:05,110,2.0,207.0,0.0,207.0,0.0
2026-10-09,El árbol muy muy lejano,18:45,20:35,110,2.0,207.0,0.0,207.0,0.0
2026-10-09,La bola negra,19:20,21:55,155,9.0,400.0,284.0,116.0,71.0
2026-10-09,La bola negra,22:30,01:05,155,9.0,400.0,38.0,362.0,9.5
2026-10-09,La bola negra,21:30,00:05,155,11.0,397.0,103.0,294.0,25.94
2026-10-09,La bola negra,20:30,23:05,155,24.0,689.0,85.0,604.0,12.34
2026-10-09,La bola negra,20:00,22:35,155,23.0,707.0,160.0,547.0,22.63
2026-10-09,La bola negra,19:00,21:35,155,8.0,318.0,194.0,124.0,61.01
2026-10-09,La bola negra,22:00,00:35,155,2.0,207.0,24.0,183.0,11.59
2026-10-09,Digger,21:45,23:53,128,3.0,210.0,6.0,204.0,2.86
2026-10-09,Digger,21:00,23:08,128,17.0,329.0,27.0,302.0,8.21
2026-10-09,Digger,22:35,00:43,128,10.0,342.0,4.0,338.0,1.17
2026-10-09,Verity. La sombra de un engaño,19:00,20:56,116,11.0,397.0,102.0,295.0,25.69
2026-10-09,Verity. La sombra de un engaño,22:00,23:56,116,12.0,414.0,21.0,393.0,5.07
2026-10-09,VOSE Verity. La sombra de un engaño,20:30,22:26,116,14.0,214.0,17.0,197.0,7.94
2026-10-09,En el corazón de la bestia,19:30,21:11,101,7.0,318.0,196.0,122.0,61.64
2026-10-09,En el corazón de la bestia,22:00,23:41,101,7.0,318.0,39.0,279.0,12.26
2026-10-09,En el corazón de la bestia,20:15,21:56,101,22.0,396.0,40.0,356.0,10.1
2026-10-09,Vengadores: Endgame Extended,20:45,23:51,186,21.0,410.0,25.0,385.0,6.1
2026-10-09,Resident Evil,22:30,00:03,93,4.0,160.0,32.0,128.0,20.0
2026-10-09,Resident Evil,20:30,22:03,93,18.0,318.0,50.0,268.0,15.72
2026-10-09,Resident Evil,21:45,23:18,93,1.0,207.0,31.0,176.0,14.98
2026-10-09,La Odisea,21:00,23:53,173,20.0,318.0,13.0,305.0,4.09
2026-10-09,La Odisea,19:10,22:03,173,10.0,342.0,135.0,207.0,39.47
2026-10-09,La isla olvidada,20:15,22:04,109,19.0,332.0,37.0,295.0,11.14
2026-10-09,Las ciegas hormigas (Inurri Itsuak),21:30,23:11,101,5.0,315.0,3.0,312.0,0.95
2026-10-09,La otra madre,20:30,22:03,93,16.0,210.0,99.0,111.0,47.14
2026-10-09,El precio de la red,22:00,23:52,112,8.0,318.0,9.0,309.0,2.83
2026-10-09,El precio de la red,20:00,21:52,112,15.0,217.0,17.0,200.0,7.83
2026-10-09,VOSE La otra madre,22:30,00:03,93,6.0,320.0,12.0,308.0,3.75
2026-10-09,VOSE El precio de la red,20:00,21:52,112,13.0,217.0,22.0,195.0,10.14
2026-10-10,La bola negra,16:00,18:35,155,9.0,400.0,39.0,361.0,9.75
2026-10-10,La bola negra,17:15,19:50,155,24.0,689.0,70.0,619.0,10.16
2026-10-10,Digger,17:00,19:08,128,17.0,329.0,4.0,325.0,1.22
2026-10-10,Verity. La sombra de un engaño,16:30,18:26,116,11.0,397.0,11.0,386.0,2.77
2026-10-10,En el corazón de la bestia,16:00,17:41,101,12.0,414.0,2.0,412.0,0.48
2026-10-10,Vengadores: Endgame Extended,17:00,20:06,186,21.0,410.0,12.0,398.0,2.93
2026-10-10,Resident Evil,17:45,19:18,93,18.0,318.0,17.0,301.0,5.35
2026-10-10,Resident Evil,16:15,17:48,93,4.0,160.0,20.0,140.0,12.5
2026-10-10,La Odisea,17:00,19:53,173,20.0,318.0,3.0,315.0,0.94
2026-10-10,La isla olvidada,16:00,17:49,109,6.0,320.0,4.0,316.0,1.25
2026-10-10,La isla olvidada,17:00,18:49,109,23.0,707.0,5.0,702.0,0.71
2026-10-10,La isla olvidada,17:30,19:19,109,19.0,332.0,9.0,323.0,2.71
2026-10-10,Tadeo Jones y la lámpara maravillosa,17:30,19:04,94,15.0,217.0,20.0,197.0,9.22
2026-10-10,Tadeo Jones y la lámpara maravillosa,16:30,18:04,94,8.0,318.0,2.0,316.0,0.63
2026-10-10,Coyote vs. Acme,16:00,17:43,103,3.0,210.0,4.0,206.0,1.9
2026-10-10,Las ciegas hormigas (Inurri Itsuak),16:30,18:11,101,5.0,315.0,0.0,315.0,0.0
2026-10-10,La otra madre,16:15,17:48,93,7.0,318.0,0.0,318.0,0.0
2026-10-10,La otra madre,17:45,19:18,93,16.0,210.0,4.0,206.0,1.9
2026-10-10,El precio de la red,17:00,18:52,112,14.0,214.0,0.0,214.0,0.0
2026-10-10,Doraemon: aventuras en el mundo del arte,17:30,19:10,100,13.0,217.0,13.0,204.0,5.99
2026-10-10,Mascotas al rescate,16:00,17:39,99,1.0,207.0,4.0,203.0,1.93
2026-10-10,VOSE El árbol muy muy lejano,16:15,18:05,110,2.0,207.0,2.0,205.0,0.97
2026-10-10,Queen Budapest,16:00,17:37,97,10.0,342.0,131.0,211.0,38.3
2026-10-10,La bola negra,19:20,21:55,155,9.0,400.0,190.0,210.0,47.5
2026-10-10,La bola negra,22:30,01:05,155,9.0,400.0,61.0,339.0,15.25
2026-10-10,La bola negra,20:30,23:05,155,24.0,689.0,42.0,647.0,6.1
2026-10-10,La bola negra,18:30,21:05,155,12.0,414.0,318.0,96.0,76.81
2026-10-10,La bola negra,21:30,00:05,155,11.0,397.0,45.0,352.0,11.34
2026-10-10,La bola negra,20:00,22:35,155,23.0,707.0,50.0,657.0,7.07
2026-10-10,La bola negra,22:00,00:35,155,2.0,207.0,17.0,190.0,8.21
2026-10-10,La bola negra,18:55,21:30,155,8.0,318.0,130.0,188.0,40.88
2026-10-10,Digger,20:00,22:08,128,17.0,329.0,33.0,296.0,10.03
2026-10-10,Digger,22:15,00:23,128,10.0,342.0,5.0,337.0,1.46
2026-10-10,Digger,21:45,23:53,128,3.0,210.0,6.0,204.0,2.86
2026-10-10,Verity. La sombra de un engaño,19:00,20:56,116,11.0,397.0,37.0,360.0,9.32
2026-10-10,Verity. La sombra de un engaño,22:00,23:56,116,12.0,414.0,12.0,402.0,2.9
2026-10-10,VOSE Verity. La sombra de un engaño,20:30,22:26,116,14.0,214.0,12.0,202.0,5.61
2026-10-10,En el corazón de la bestia,18:00,19:41,101,22.0,396.0,79.0,317.0,19.95
2026-10-10,En el corazón de la bestia,20:15,21:56,101,22.0,396.0,42.0,354.0,10.61
2026-10-10,En el corazón de la bestia,19:30,21:11,101,7.0,318.0,74.0,244.0,23.27
2026-10-10,En el corazón de la bestia,22:00,23:41,101,7.0,318.0,13.0,305.0,4.09
2026-10-10,Vengadores: Endgame Extended,20:45,23:51,186,21.0,410.0,11.0,399.0,2.68
2026-10-10,Vengadores: Endgame Extended,18:45,21:51,186,4.0,160.0,73.0,87.0,45.62
2026-10-10,Resident Evil,21:45,23:18,93,1.0,207.0,9.0,198.0,4.35
2026-10-10,Resident Evil,20:15,21:48,93,18.0,318.0,30.0,288.0,9.43
2026-10-10,Resident Evil,22:30,00:03,93,4.0,160.0,28.0,132.0,17.5
2026-10-10,La Odisea,21:00,23:53,173,20.0,318.0,18.0,300.0,5.66
2026-10-10,La Odisea,18:30,21:23,173,6.0,320.0,44.0,276.0,13.75
2026-10-10,La Odisea,18:30,21:23,173,10.0,342.0,111.0,231.0,32.46
2026-10-10,La isla olvidada,20:15,22:04,109,19.0,332.0,22.0,310.0,6.63
2026-10-10,Las ciegas hormigas (Inurri Itsuak),19:00,20:41,101,5.0,315.0,8.0,307.0,2.54
2026-10-10,Las ciegas hormigas (Inurri Itsuak),21:30,23:11,101,5.0,315.0,2.0,313.0,0.63
2026-10-10,La otra madre,20:30,22:03,93,16.0,210.0,37.0,173.0,17.62
2026-10-10,El precio de la red,20:00,21:52,112,15.0,217.0,5.0,212.0,2.3
2026-10-10,El precio de la red,22:00,23:52,112,8.0,318.0,3.0,315.0,0.94
2026-10-10,Doraemon: aventuras en el mundo del arte,19:00,20:40,100,3.0,210.0,18.0,192.0,8.57
2026-10-10,Mascotas al rescate,18:30,20:09,99,1.0,207.0,52.0,155.0,25.12
2026-10-10,El árbol muy muy lejano,18:45,20:35,110,2.0,207.0,25.0,182.0,12.08
2026-10-10,VOSE La otra madre,22:30,00:03,93,6.0,320.0,6.0,314.0,1.88
2026-10-10,VOSE El precio de la red,20:00,21:52,112,13.0,217.0,12.0,205.0,5.53
2026-10-10,La bola negra,22:30,01:05,155,9,400.0,139.0,261.0,34.75
2026-10-10,La bola negra,22:00,00:35,155,2,207.0,57.0,150.0,27.54
2026-10-10,Digger,22:15,00:23,128,10,342.0,7.0,335.0,2.05
2026-10-10,Verity. La sombra de un engaño,22:00,23:56,116,12,414.0,32.0,382.0,7.73
2026-10-10,En el corazón de la bestia,22:00,23:41,101,7,318.0,99.0,219.0,31.13
2026-10-10,Resident Evil,22:30,00:03,93,4,160.0,61.0,99.0,38.12
2026-10-10,El precio de la red,22:00,23:52,112,8,318.0,19.0,299.0,5.97
2026-10-10,VOSE La otra madre,22:30,00:03,93,6,320.0,15.0,305.0,4.69
